Game Name,Platform,Release Date,Meta Reviews Number,Meta Score,Meta Positive,Meta Mixed,Meta Negative,User Reviews Number,User Score,User Positive,User Mixed,User Negative,Developer,Publisher,Genres,Translated Name
The Legend of Zelda: Ocarina of Time,nintendo-64,23-Nov-98,22.0,99,100%,0%,0%,11199.0,9.1,89%,4%,6%,Nintendo,Nintendo,Open-World Action,塞尔达传说：时之笛
SoulCalibur,"dreamcast, ios-iphoneipad, xbox-360",8-Sep-99,24.0,98,100%,0%,0%,668.0,7.7,73%,12%,15%,Namco,Namco,3D Fighting,灵魂能力
Grand Theft Auto IV,"playstation-3, xbox-360, pc",29-Apr-08,86.0,98,100%,0%,0%,5218.0,8.3,79%,14%,7%,Rockstar North,Rockstar Games,Open-World Action,侠盗猎车手IV
Super Mario Galaxy,wii,12-Nov-07,73.0,97,100%,0%,0%,4405.0,9.1,92%,4%,4%,Nintendo,Nintendo,3D Platformer,超级马力欧银河
Super Mario Galaxy 2,wii,23-May-10,87.0,97,100%,0%,0%,3070.0,9.0,90%,4%,5%,Nintendo EAD Tokyo,Nintendo,3D Platformer,超级马力欧银河2
The Legend of Zelda: Breath of the Wild,"wii-u, nintendo-switch",3-Mar-17,109.0,97,97%,3%,0%,24907.0,8.9,87%,5%,8%,Nintendo,Nintendo,Open-World Action,塞尔达传说：荒野之息
Tony Hawk's Pro Skater 3,"xbox, playstation-2, gamecube, playstation, pc, game-boy-advance",30-Oct-01,34.0,97,97%,3%,0%,653.0,7.6,72%,14%,13%,Neversoft Entertainment,Activision,Skating,托尼霍克职业滑板3
Perfect Dark (2000),"nintendo-64, xbox-360",22-May-00,30.0,97,100%,0%,0%,603.0,8.3,80%,11%,9%,Rare Ltd.,Rare Ltd.,FPS,完美黑暗（2000）
Red Dead Redemption 2,"playstation-4, xbox-one, pc",26-Oct-18,99.0,97,99%,1%,0%,30723.0,8.9,88%,5%,7%,Rockstar Games,Rockstar Games,Open-World Action,荒野大镖客：救赎2
Grand Theft Auto V,"playstation-3, xbox-360, playstation-4, xbox-one, pc, playstation-5, xbox-series-x",18-Nov-14,66.0,97,100%,0%,0%,13732.0,8.5,85%,9%,6%,Rockstar North,Rockstar Games,Open-World Action,侠盗猎车手V
Metroid Prime,gamecube,17-Nov-02,70.0,97,100%,0%,0%,1562.0,9.0,90%,5%,5%,Retro Studios,Nintendo,FPS,银河战士Prime
Grand Theft Auto III,"playstation-2, pc, playstation-4",22-Oct-01,56.0,97,100%,0%,0%,1948.0,8.0,70%,25%,5%,DMA Design,Rockstar Games,Open-World Action,侠盗猎车手III
Super Mario Odyssey,nintendo-switch,27-Oct-17,114.0,97,100%,0%,0%,10203.0,8.9,90%,6%,5%,Nintendo,Nintendo,3D Platformer,超级马力欧奥德赛
Halo: Combat Evolved,"pc, xbox",15-Nov-01,68.0,97,100%,0%,0%,3167.0,8.6,85%,8%,7%,Bungie,Microsoft Game Studios,FPS,光环：战斗进化
NFL 2K1,dreamcast,7-Sep-00,22.0,97,100%,0%,0%,127.0,5.5,48%,12%,40%,Visual Concepts,Sega,Football Sim,NFL 2K1
Half-Life 2,"xbox, pc",16-Nov-04,81.0,96,100%,0%,0%,10156.0,9.1,90%,6%,4%,Valve Software,VU Games,FPS,半条命2
BioShock,"pc, xbox-360, playstation-3, ios-iphoneipad",21-Aug-07,88.0,96,100%,0%,0%,3587.0,8.8,87%,10%,3%,Irrational Games,2K Games,FPS,生化奇兵
GoldenEye 007,"nintendo-64, xbox-series-x",25-Aug-97,21.0,96,100%,0%,0%,1034.0,8.9,87%,9%,4%,Rare Ltd.,Nintendo,FPS,黄金眼007
Uncharted 2: Among Thieves,playstation-3,13-Oct-09,105.0,96,100%,0%,0%,7618.0,8.8,89%,6%,5%,Naughty Dog,SCEA,Linear Action Adventure,神秘海域2：纵横四海
Resident Evil 4 (2005),"gamecube, playstation-2, pc, wii",11-Jan-05,82.0,96,100%,0%,0%,2795.0,9.1,91%,5%,4%,Capcom,Capcom,Survival,生化危机4（2005）
Baldur's Gate 3,"pc, playstation-5, xbox-series-x",3-Aug-23,112.0,96,99%,1%,0%,19004.0,9.2,90%,4%,6%,Larian Studios Games,Larian Studios Games,Western RPG,博德之门3
The Orange Box,"pc, xbox-360, playstation-3",10-Oct-07,54.0,96,100%,0%,0%,817.0,8.8,87%,8%,5%,Valve Software,EA Games,Compilation,橙盒
Tekken 3,playstation,29-Apr-98,15.0,96,100%,0%,0%,1176.0,8.9,89%,8%,3%,Namco,Namco,3D Fighting,铁拳3
Mass Effect 2,"pc, xbox-360, playstation-3",26-Jan-10,98.0,96,100%,0%,0%,3277.0,8.9,91%,5%,4%,BioWare,Electronic Arts,Western RPG,质量效应2
The House in Fata Morgana - Dreams of the Revenants Edition -,nintendo-switch,9-Apr-21,10.0,96,100%,0%,0%,597.0,7.0,68%,5%,28%,HuneX,Limited Run Games,Visual Novel,Fata Morgana之屋 - 亡魂之梦版 -
Elden Ring,"pc, playstation-4, xbox-series-x, playstation-5",25-Feb-22,86.0,96,100%,0%,0%,20203.0,8.3,80%,6%,13%,From Software,Bandai Namco Games,Action RPG,艾尔登法环
The Elder Scrolls V: Skyrim,"xbox-360, playstation-3, pc",11-Nov-11,89.0,96,100%,0%,0%,6849.0,8.6,85%,9%,6%,Bethesda Game Studios,Bethesda Softworks,Western RPG,上古卷轴V：天际
Half-Life,"pc, playstation-2",19-Nov-98,24.0,96,100%,0%,0%,5447.0,8.9,88%,9%,3%,Valve Software,Sierra Entertainment,FPS,半条命
The Legend of Zelda: Tears of the Kingdom,nintendo-switch,12-May-23,150.0,96,97%,3%,0%,13428.0,8.8,84%,8%,8%,Nintendo,Nintendo,Open-World Action,塞尔达传说：王国之泪
The Legend of Zelda: The Wind Waker,gamecube,24-Mar-03,80.0,96,100%,0%,0%,1887.0,9.0,90%,7%,3%,Nintendo,Nintendo,Open-World Action,塞尔达传说：风之杖
Gran Turismo,playstation,12-May-98,16.0,96,100%,0%,0%,615.0,8.5,83%,11%,6%,Polyphony Digital,SCEA,Auto Racing Sim,GT赛车
Metal Gear Solid 2: Sons of Liberty,playstation-2,12-Nov-01,42.0,96,100%,0%,0%,2202.0,8.9,89%,7%,4%,KCEJ,Konami,Action Adventure,合金装备2：自由之子
Grand Theft Auto Double Pack,xbox,4-Nov-03,33.0,96,100%,0%,0%,111.0,7.8,71%,15%,14%,Rockstar Vienna,Rockstar Games,Compilation,侠盗猎车手双重包
Portal: Companion Collection,nintendo-switch,28-Jun-22,10.0,95,100%,0%,0%,155.0,8.6,88%,6%,5%,Valve Software,Valve Software,Compilation,传送门：伙伴合集
Baldur's Gate II: Shadows of Amn,pc,24-Sep-00,30.0,95,100%,0%,0%,1688.0,9.1,91%,4%,5%,BioWare,Interplay,Western RPG,博德之门II：安姆的阴影
Grand Theft Auto: San Andreas,"playstation-2, pc, xbox, ios-iphoneipad, xbox-360",26-Oct-04,80.0,95,99%,1%,0%,5098.0,9.1,92%,6%,2%,Rockstar North,Rockstar Games,Open-World Action,侠盗猎车手：圣安地列斯
Grand Theft Auto: Vice City,"playstation-2, pc",29-Oct-02,62.0,95,100%,0%,0%,2656.0,8.6,85%,12%,3%,Rockstar North,Rockstar Games,Open-World Action,侠盗猎车手：罪恶都市
LittleBigPlanet,"playstation-3, psp",27-Oct-08,85.0,95,100%,0%,0%,1659.0,8.2,74%,20%,5%,Media Molecule,SCEA,2D Platformer,小小大星球
The Legend of Zelda Collector's Edition,gamecube,17-Nov-03,8.0,95,100%,0%,0%,268.0,8.8,89%,4%,7%,Nintendo,Nintendo,Compilation,塞尔达传说收藏版
The Legend of Zelda: Tears of the Kingdom - Nintendo Switch 2 Edition,nintendo-switch-2,5-Jun-25,9.0,95,100%,0%,0%,161.0,8.1,74%,11%,16%,Nintendo,Nintendo,Open-World Action,塞尔达传说：王国之泪 - 任天堂Switch 2版
Gran Turismo 3: A-Spec,playstation-2,9-Jul-01,54.0,95,98%,2%,0%,458.0,8.3,80%,14%,6%,Polyphony Digital,SCEA,Auto Racing Sim,GT赛车3：A-Spec
Halo 2,"xbox, pc",9-Nov-04,91.0,95,98%,2%,0%,2011.0,8.7,87%,8%,5%,Bungie,Microsoft Game Studios,FPS,光环2
The Legend of Zelda: Majora's Mask,nintendo-64,25-Oct-00,27.0,95,100%,0%,0%,2113.0,9.1,92%,4%,4%,Nintendo,Nintendo,Open-World Action,塞尔达传说：梅祖拉的假面
The Legend of Zelda: A Link to the Past / Four Swords,game-boy-advance,3-Dec-02,30.0,95,97%,3%,0%,880.0,8.8,88%,8%,4%,Nintendo,Nintendo,Open-World Action,塞尔达传说：众神的三角力量 / 四支剑
The Last of Us,playstation-3,14-Jun-13,98.0,95,99%,1%,0%,16257.0,9.2,91%,4%,5%,Naughty Dog,SCEA,Linear Action Adventure,最后生还者
The Legend of Zelda: Twilight Princess,"gamecube, wii",19-Nov-06,73.0,95,100%,0%,0%,2192.0,8.8,88%,8%,4%,Nintendo,Nintendo,Open-World Action,塞尔达传说：黄昏公主
Madden NFL 2003,"gamecube, xbox, playstation-2, playstation, game-boy-advance, pc",12-Aug-02,25.0,95,100%,0%,0%,60.0,6.9,63%,13%,23%,EA Sports,EA Sports,Football Sim,麦登NFL 2003
Persona 5 Royal,"playstation-4, xbox-series-x, xbox-one, pc, playstation-5, nintendo-switch",31-Mar-20,71.0,95,99%,1%,0%,5740.0,8.7,86%,4%,10%,Atlus,Atlus,JRPG,女神异闻录5皇家版
The Last of Us Remastered,playstation-4,29-Jul-14,70.0,95,99%,1%,0%,21156.0,9.2,92%,3%,4%,Naughty Dog,SCEA,Linear Action Adventure,最后生还者重制版
Red Dead Redemption,"xbox-360, playstation-3",18-May-10,96.0,95,100%,0%,0%,4115.0,8.9,90%,7%,4%,Rockstar San Diego,Rockstar Games,Open-World Action,荒野大镖客：救赎
Portal 2,"pc, xbox-360, playstation-3",19-Apr-11,66.0,95,98%,2%,0%,3036.0,8.9,90%,7%,4%,Valve Software,Valve Software,FPS,传送门2
Astro Bot,playstation-5,6-Sep-24,136.0,94,100%,0%,0%,4861.0,9.1,90%,4%,5%,Team Asobi,Sony Interactive Entertainment,3D Platformer,宇宙机器人
Final Fantasy IX,"playstation, ios-iphoneipad, pc, playstation-4, nintendo-switch, xbox-one",13-Nov-00,22.0,94,95%,5%,0%,1811.0,8.9,90%,5%,5%,SquareSoft,Square EA,JRPG,最终幻想IX
God of War,"playstation-4, pc",20-Apr-18,118.0,94,100%,0%,0%,28232.0,9.1,91%,4%,5%,SCE Santa Monica,Sony Interactive Entertainment,Linear Action Adventure,战神
Tony Hawk's Pro Skater 4,"playstation-2, gamecube, xbox, game-boy-advance, playstation, pc",23-Oct-02,27.0,94,100%,0%,0%,255.0,8.2,77%,18%,5%,Neversoft Entertainment,Activision,Skating,托尼霍克职业滑板4
Elden Ring: Shadow of the Erdtree,"pc, xbox-series-x, playstation-5",21-Jun-24,64.0,94,100%,0%,0%,3791.0,8.2,78%,9%,13%,From Software,Bandai Namco Games,Action RPG,艾尔登法环：黄金树之影
Devil May Cry,"playstation-2, nintendo-switch",16-Oct-01,37.0,94,100%,0%,0%,1256.0,8.3,77%,20%,4%,Capcom,Capcom,Linear Action Adventure,鬼泣
Madden NFL 2002,"playstation-2, gamecube, pc, playstation, nintendo-64, xbox, game-boy-advance",19-Aug-01,23.0,94,100%,0%,0%,37.0,4.9,30%,30%,41%,EA Sports,EA Sports,Football Sim,麦登橄榄球2002
Batman: Arkham City,"xbox-360, playstation-3, pc, nintendo-switch",18-Oct-11,87.0,94,100%,0%,0%,3511.0,8.8,89%,8%,4%,Rocksteady Studios,Warner Bros. Interactive Entertainment,Open-World Action,蝙蝠侠：阿卡姆之城
Metroid Prime Remastered,nintendo-switch,8-Feb-23,95.0,94,100%,0%,0%,1514.0,8.8,87%,7%,7%,Retro Studios,Nintendo,FPS,银河战士Prime复刻版
The Legend of Zelda: Ocarina of Time 3D,3ds,19-Jun-11,85.0,94,99%,1%,0%,2267.0,9.0,90%,5%,5%,GREZZO,Nintendo,Open-World Action,塞尔达传说：时之笛3D
Chrono Cross,playstation,15-Aug-00,16.0,94,100%,0%,0%,546.0,8.7,86%,7%,7%,SquareSoft,Square EA,JRPG,穿越时空
Madden NFL 2004,"playstation, gamecube, game-boy-advance, playstation-2, xbox, pc",12-Aug-03,29.0,94,93%,7%,0%,55.0,6.5,56%,16%,27%,EA Tiburon,EA Sports,Football Sim,麦登橄榄球2004
Gears of War,"xbox-360, pc",7-Nov-06,88.0,94,100%,0%,0%,2069.0,8.2,79%,16%,5%,Epic Games,Microsoft Game Studios,Third Person Shooter,战争机器
The Elder Scrolls IV: Oblivion,"pc, xbox-360, playstation-3",20-Mar-06,90.0,94,100%,0%,0%,1571.0,8.5,83%,12%,5%,Bethesda Game Studios,2K Games,Western RPG,上古卷轴IV：湮没
Sid Meier's Civilization II,pc,29-Feb-96,7.0,94,100%,0%,0%,520.0,8.6,83%,12%,6%,MPS Labs,MicroProse,4X Strategy,席德·梅尔的文明II
Quake,"pc, nintendo-64",22-Jun-96,9.0,94,100%,0%,0%,1139.0,8.6,82%,15%,3%,id Software,id Software,FPS,雷神之锤
Metaphor: ReFantazio,"xbox-series-x, pc, playstation-5",11-Oct-24,54.0,94,100%,0%,0%,2290.0,8.6,83%,9%,8%,Studio Zero,Sega,JRPG,Metaphor: ReFantazio
Call of Duty 4: Modern Warfare,"xbox-360, playstation-3, pc, ds, wii",5-Nov-07,70.0,94,100%,0%,0%,2275.0,8.5,84%,13%,4%,Infinity Ward,Activision,FPS,使命召唤4：现代战争
BioShock Infinite,"playstation-3, xbox-360, pc",25-Mar-13,68.0,94,100%,0%,0%,11110.0,8.6,82%,12%,6%,Irrational Games,2K Games,FPS,生化奇兵：无限
Halo 3,"xbox-360, pc",25-Sep-07,86.0,94,99%,1%,0%,3239.0,8.7,85%,10%,5%,Bungie,Microsoft Game Studios,FPS,光环3
Ninja Gaiden Black,xbox,20-Sep-05,32.0,94,97%,3%,0%,279.0,8.6,84%,9%,7%,Team Ninja,Tecmo,Action Adventure,忍者龙剑传：黑
Super Mario Advance 4: Super Mario Bros. 3,game-boy-advance,21-Oct-03,25.0,94,100%,0%,0%,504.0,8.7,87%,8%,5%,Nintendo,Nintendo,2D Platformer,超级马力欧Advance 4：超级马力欧兄弟3
Jet Set Radio (2000),"dreamcast, playstation-3, xbox-360, playstation-vita, ios-iphoneipad",30-Oct-00,24.0,94,100%,0%,0%,122.0,8.3,81%,10%,9%,Smilebit,Sega,3D Platformer,街头涂鸦（2000）
Grim Fandango,pc,14-Oct-98,15.0,94,100%,0%,0%,880.0,8.7,85%,9%,6%,LucasArts,LucasArts,Third-Person Adventure,冥界狂想曲
Metal Gear Solid,"playstation, nintendo-switch",21-Oct-98,20.0,94,95%,5%,0%,2499.0,8.9,90%,3%,7%,KCEJ,Konami,Action Adventure,合金装备
Tom Clancy's Splinter Cell: Chaos Theory,"3ds, pc, xbox, playstation-2, gamecube, ds",28-Mar-05,70.0,94,100%,0%,0%,353.0,8.5,83%,11%,5%,Ubisoft Montreal,Ubisoft,Action Adventure,汤姆·克兰西的分裂细胞：混沌理论
God of War: Ragnarok,"playstation-5, playstation-4, pc",9-Nov-22,141.0,94,99%,1%,0%,14125.0,8.2,80%,7%,13%,SCE Santa Monica,PlayStation Studios,Action Adventure,战神：诸神黄昏
Resident Evil Code: Veronica,dreamcast,29-Feb-00,18.0,94,100%,0%,0%,284.0,8.4,80%,14%,6%,NexTech,Capcom,Survival,生化危机：代号维罗妮卡
Burnout 3: Takedown,"playstation-2, xbox",7-Sep-04,76.0,94,100%,0%,0%,281.0,8.7,87%,11%,2%,Criterion Games,EA Games,Auto Racing,火爆狂飙3：路怒
Diablo,pc,31-Dec-96,12.0,94,100%,0%,0%,1617.0,8.6,84%,11%,4%,Blizzard Entertainment,Blizzard Entertainment,Action RPG,暗黑破坏神
Metal Gear Solid 3: Subsistence,playstation-2,14-Mar-06,53.0,94,98%,2%,0%,934.0,8.5,86%,2%,12%,Kojima Productions,Konami,Action Adventure,合金装备3：生存
Call of Duty: Modern Warfare 2,"pc, playstation-3, xbox-360",10-Nov-09,100.0,94,100%,0%,0%,2720.0,7.9,73%,17%,10%,Infinity Ward,Activision,FPS,使命召唤：现代战争2
Metal Gear Solid 4: Guns of the Patriots,playstation-3,12-Jun-08,82.0,94,100%,0%,0%,2807.0,8.7,86%,7%,7%,Kojima Productions,Konami,Action Adventure,合金装备4：爱国者之枪
God of War (2005),playstation-2,22-Mar-05,75.0,94,99%,1%,0%,3095.0,8.8,88%,9%,3%,SCE Santa Monica,SCEA,Linear Action Adventure,战神（2005）
Star Wars: Knights of the Old Republic,"pc, xbox, ios-iphoneipad, nintendo-switch",17-Jul-03,72.0,94,100%,0%,0%,771.0,8.9,89%,7%,4%,BioWare,LucasArts,Western RPG,星球大战：旧共和国武士
Sid Meier's Civilization IV,pc,25-Oct-05,50.0,94,100%,0%,0%,1040.0,8.4,82%,14%,5%,Firaxis Games,2K Games,4X Strategy,席德·梅尔的文明IV
Virtua Fighter 4,playstation-2,17-Mar-02,36.0,94,100%,0%,0%,81.0,8.0,69%,23%,7%,Sega AM2,Sega,3D Fighting,VR战士4
The Legend of Zelda: Breath of the Wild - Nintendo Switch 2 Edition,nintendo-switch-2,5-Jun-25,11.0,93,100%,0%,0%,107.0,8.6,83%,7%,10%,Nintendo,Nintendo,Open-World Action,塞尔达传说：荒野之息 - 任天堂Switch 2版
Super Smash Bros. Brawl,wii,9-Mar-08,81.0,93,99%,1%,0%,1753.0,8.8,88%,9%,3%,Game Arts,Nintendo,2D Fighting,任天堂明星大乱斗X
Company of Heroes,"pc, ios-iphoneipad",13-Sep-06,55.0,93,100%,0%,0%,1253.0,8.5,85%,11%,4%,Relic Entertainment,THQ,Real-Time Strategy,英雄连
Gran Turismo 2,"playstation, dreamcast",23-Dec-99,23.0,93,96%,4%,0%,475.0,8.8,88%,7%,5%,Polyphony Digital,SCEA,Auto Racing Sim,GT赛车2
The Last of Us Part II,playstation-4,19-Jun-20,121.0,93,93%,7%,0%,165420.0,5.8,53%,5%,41%,Naughty Dog,Sony Interactive Entertainment,Survival,最后生还者 第二部
Tom Clancy's Splinter Cell: Pandora Tomorrow,"xbox, playstation-2, pc, gamecube, game-boy-advance",23-Mar-04,74.0,93,100%,0%,0%,155.0,8.2,79%,16%,5%,Ubisoft Shanghai,Ubisoft,Action Adventure,汤姆·克兰西的分裂细胞：明日潘多拉
Grand Theft Auto: Chinatown Wars,"ds, psp, ios-iphoneipad",17-Mar-09,85.0,93,100%,0%,0%,402.0,7.5,65%,23%,13%,Rockstar Leeds,Rockstar Games,Open-World Action,侠盗猎车手：唐人街战争
Pac-Man Championship Edition DX,"xbox-360, playstation-3, ios-iphoneipad",17-Nov-10,43.0,93,100%,0%,0%,183.0,7.6,75%,10%,15%,Namco Bandai Games,Namco Bandai Games,Arcade,吃豆人冠军版DX
Dwarf Fortress,pc,8-Aug-06,9.0,93,100%,0%,0%,307.0,8.5,83%,7%,10%,Bay 12 Games,Bay 12 Games,Management,矮人要塞
Half-Life: Alyx,pc,23-Mar-20,69.0,93,97%,3%,0%,2889.0,9.1,91%,2%,7%,Valve Software,Valve Software,FPS,半衰期：爱莉克斯
Divinity: Original Sin II,pc,14-Sep-17,72.0,93,99%,1%,0%,3023.0,8.8,87%,7%,6%,Larian Studios Games,Larian Studios Games,Western RPG,神界：原罪2
